lr,rf,gbr,xgb,svr,actual
20.71872171560331,16.07545182210981,17.3279919987561,16.777016,14.688349021953822,1
14.723856377936777,16.108850978678515,15.716186840076965,15.263971,13.001585019911444,1
29.46801963056238,33.24602835051869,30.40137572789647,32.871212,29.97378035295153,1
25.593640719919005,29.90864745118629,28.302783237501814,28.737625,30.8550584051415,1
17.752797314661144,17.24972613792996,17.661381424206798,17.400307,16.493760323256854,1
17.153618050773623,16.51359872319988,16.55460615310659,16.204233,14.954144442532026,1
14.508282099997173,14.58838681591036,14.645371421386203,13.395236,12.12380321680141,1
17.489839838284084,18.36716502241179,17.882579410873735,17.8153,19.56328067853726,1
14.727531420038984,16.181966605086014,16.246328749803205,15.436528,16.267105028347235,1
16.109728089526733,16.98914151427985,16.256150536277207,16.072685,17.024307402090887,1
19.877531279967705,19.008682735422134,18.477457062408075,18.837704,14.836096157007244,1
15.003601770179763,16.37262940957622,15.963100091119292,15.651549,12.398606004049801,1
24.193271168345635,16.146974803346296,17.94161235846359,17.28774,13.23145612602927,1
28.038761922567005,29.243189663641573,28.436073679477612,29.660908,28.718402867608226,1
14.82920290406226,16.215150799009926,16.013273007068026,15.356447,14.271198803084483,1
17.061777561849848,19.637097324820285,17.927248485134267,18.304714,21.247325437132538,1
14.658777383328646,16.330675941121097,15.716186840076965,15.42728,15.073688400190104,1
14.453446801673962,18.003287706786118,18.565989882325848,18.797483,17.379776805119768,1
22.09921789695464,20.03010442195231,20.1963594181116,20.4513,17.41461154167095,1
22.872387097520548,22.433217535807184,19.919658735448355,17.66543,17.56002923837074,1
17.246883223056585,18.38828215161198,17.927248485134267,17.960413,13.689077294602782,1
15.591990883025645,17.4295902844821,16.49405715276145,16.253555,15.694166444298121,1
15.631677084524608,16.759930547837158,17.903799100552668,17.712591,17.874671441746813,1
18.103494559995713,20.659531127842474,19.19372541378328,20.148426,18.011346766557256,1
12.614962061748486,13.455130729684935,14.114724275123198,13.015678,13.598459134617496,1
13.385600887324914,14.593161575735756,15.41707249592447,14.001258,13.120020135479166,1
19.17270160016335,18.48045442885588,17.882132421070974,17.417088,16.53296048928891,1
14.11641031489781,16.949885078525195,16.114995131385378,15.878379,12.86594798886142,1
16.127572011454802,17.215848306534102,16.875987501460646,16.497234,18.54748173957079,1
18.532430541542237,19.50310352990956,18.867576612976208,19.045292,15.200717818998378,1
13.723880610340798,14.472185396243729,14.515103946019078,13.93209,13.717937390840344,1
18.839441220388725,18.12006178913022,18.992015978415616,18.618025,15.766635652643446,1
15.786502088238933,16.56077109473134,16.013273007068026,15.374549,13.452836649997293,1
16.95878270193121,17.663497975708676,17.095916854845775,17.567833,17.851911667927858,1
12.991676864532167,14.089586195115666,13.941315671113687,13.050239,10.460225363946734,1
18.505536879351673,16.8052521119959,18.26450875394317,18.323309,18.144250671612348,1
19.46767327338296,18.690880482168385,18.271563378640632,18.555965,15.31977395168089,2
15.861011511466629,17.964121570657568,16.875987501460646,16.81837,15.50797989566676,2
17.041904929761632,17.734080405110333,17.313978328523326,17.376913,17.607143423896158,2
15.68340148588923,16.01402730570028,17.313978328523326,17.434921,14.802530368829576,2
18.903944680338068,17.16581555976326,17.77176512192242,17.497679,15.286953032356026,2
17.091680629237487,17.39528734456909,17.927248485134267,17.644434,17.117861644487316,2
15.569535508760342,17.383002655999825,16.304818921201484,16.083553,16.460651309045073,2
12.969983866329457,13.977816165968317,13.941315671113687,12.916455,10.260896193577539,2
15.850192280522922,16.32056705093435,16.30081961053774,15.685573,13.099852230484938,2
13.854038599557057,14.333534752186257,13.959596910554342,13.337516,11.902092041490883,2
25.531631142333232,20.909004252932217,18.307759718769933,17.988754,20.065668660203336,2
14.54223347688818,15.000923470987889,15.3092172567955,14.495329,11.584310718066892,2
18.529751621716553,18.976449759966037,18.60212847762521,16.999071,15.456470287974444,2
19.614455427943987,17.53163963523768,17.727096047661888,17.318745,19.54602635244274,2
17.953906527476192,19.998499025654443,18.80885156897748,19.94772,19.869360792773104,2
19.55554211511675,17.890230356385548,18.28931257361879,16.856655,14.513782155863137,2
17.3490666979218,17.09662140863675,16.96256365695813,16.74758,19.674924304871073,2
16.10587901325209,17.315005284556477,16.875987501460646,16.699743,18.748140649887123,2
13.27290567173869,13.932620256416344,13.941315671113687,13.004761,11.392837360937808,2
25.06372888843578,26.06288494004033,25.029493790080483,25.224174,18.73753165436006,2
15.993184183086267,15.965814937293748,16.268983356618786,15.700789,13.387924191244338,2
17.66914378673837,17.325030437735197,17.253596837318586,16.929518,15.937543510771517,2
21.03539064914213,18.116986456109142,23.753901460417797,21.839642,17.119972421902066,2
20.398856917600362,18.80755396782795,19.07540514759103,18.796747,17.009375317663952,2
16.2293096789588,15.855418762910958,16.130788998993822,14.799665,16.501646001785733,2
13.38369000076695,14.669226880665716,15.41707249592447,14.001258,13.111812095234832,2
16.850317710917658,17.105013180775224,16.822447268791766,16.717978,15.915317176915497,2
15.114007117153685,14.70141108761609,16.046731247581917,14.616727,14.244310712426035,2
14.669893981747164,15.668704114409982,15.447941904911952,13.633722,13.788099866650004,2
16.33426377770742,15.30983866062355,16.268983356618786,15.60232,11.538322393772685,2
15.218217312944304,15.975661010014864,15.73446807951762,15.060574,14.41964296504203,2
15.640729923039402,17.682930039312435,18.830404022622997,18.85118,18.1617004909871,2
15.895897614943053,18.57858293883805,18.164029246505052,18.62574,16.3303438969528,2
17.19757769029653,17.64859773264186,16.758471293058598,16.884148,15.838483106820426,3
24.340459112495925,22.684148954602797,32.78601420997359,31.60904,18.16454161672549,3
12.839825877113197,14.304440726110943,13.941315671113687,13.274347,12.270203075665568,3
13.300184598601572,16.495062036880217,15.166809540366046,14.443276,16.91739383259288,3
18.708707696513677,18.183327576327628,17.77176512192242,18.24751,17.955903728327897,3
15.40210694280959,15.73696953313646,17.431494536925374,17.54865,11.692628432887073,3
16.32353960666577,16.264717891338215,16.55460615310659,16.145182,15.099753882299744,3
13.213412605790731,15.97293112453694,15.166809540366046,14.667152,15.406324095388925,3
16.489564116202523,16.917166979839095,16.875987501460646,16.895761,22.02559029305605,3
15.773280986871356,18.56314894177854,17.642226884213212,17.890469,17.218847703466626,3
21.571549163976012,18.964393407528902,19.66270160179519,19.889977,17.978211226669536,3
22.721230294908665,20.14285195285599,20.07860457799462,19.744898,20.41499680139639,3
22.207682887968193,21.125373431823068,20.1963594181116,20.563843,21.855745924314327,3
14.959360893278522,16.04934261114556,16.013273007068026,15.434123,14.375285654734654,3
19.087825094949554,16.201666719121317,18.12252822587147,16.487505,14.467617987949968,3
17.911393850762657,18.873786558715263,17.80973227673222,18.142202,18.809888728137228,3
13.38137066275224,13.685249976362686,13.941315671113687,13.008969,12.284094726075992,3
16.77763301015594,16.503977727451048,16.27443177571786,15.957631,14.770510261707242,3
15.388006205437941,17.2185608689974,16.031349335147475,15.839238,17.59117413332522,3
18.784409133932552,18.50310934952024,18.867576612976208,18.892263,19.76532127099983,3
17.465827887487066,16.70255511943843,17.04472611100099,16.7003,14.681067046747575,3
18.895085595482442,18.12834714478148,18.231003332690634,18.280174,17.24309702604446,3
15.921310201174398,18.259773702038245,17.850157360856688,17.73097,18.03512502623256,3
16.212090476699082,16.955576750992996,17.581819444208502,17.297523,13.677364383471499,3
20.606838305216108,19.119633093641554,20.13497927659513,20.668816,17.271951276912997,3
19.730526125111123,18.5900175574492,19.784203234603766,19.40783,18.930843905692626,3
14.832321368950327,16.165893257219864,15.716186840076965,15.134712,12.7240482083712,3
16.79287388339138,17.609685339547706,16.758471293058598,16.57818,16.402097307782018,3
17.30253178904515,16.409065464320257,16.55460615310659,15.9607725,15.059444615721358,3
20.207370450588765,18.67132761308962,19.579312432619776,19.712637,15.893643200267562,3
19.744613417160245,17.463922354710164,17.727096047661888,17.481272,18.05285114853731,3
18.114462164903628,18.69397591462466,18.38907958704268,18.789434,14.960977552184838,3
15.617126038278727,16.232489193907053,16.875987501460646,16.558939,17.39761008420259,3
17.087201812725016,17.261836058192593,16.758471293058598,16.639345,17.459878963155965,3
26.608364144684515,18.95383806148531,16.96905030364154,18.055958,13.6714790703721,3
19.168874724959124,17.23349531393591,18.450369724776184,16.740074,19.628026472916567,3
16.345232604868478,16.201011239420083,16.55460615310659,16.145182,15.048766692854887,3
16.118933801387286,15.331965009580916,16.130788998993822,14.554866,13.328219373338221,3
21.203169829511918,18.667089575245942,19.86759240377918,19.49023,20.34621149460897,4
18.044882912106466,20.98534559887773,18.985249200639192,19.566269,19.31110155262808,4
18.96016459009057,17.494997311167705,18.231003332690634,18.116867,15.513948235048051,4
15.304989305755145,15.942139284379394,15.73446807951762,15.040239,13.158860223324675,4
22.391267683981845,19.069408189295174,19.485944576662764,19.366589,14.872350212852314,4
17.062371632526993,18.36466832681867,16.758471293058598,16.680296,18.13350596029171,4
16.475390594084736,16.18472769853342,16.55460615310659,16.071257,16.07891023108759,4
13.970938348256249,15.174637201066655,16.611573361163497,16.128445,11.86251109825573,4
18.012464520608958,17.322501112521483,18.232784662366196,18.377739,16.203725296037156,4
15.921310201174398,18.259773702038245,17.850157360856688,17.73097,18.03512502623256,4
14.410060805268543,17.749231672747218,16.611573361163497,16.790628,16.154073253860044,4
18.104591408918665,17.673134456655077,18.36631197336428,16.87302,14.312692671492918,4
17.969727296688244,19.272027406292317,19.61579794536915,19.503939,17.487650242793283,4
14.985888553605808,17.509873038758563,16.49405715276145,16.418064,18.32294644507271,4
17.937065471324477,17.68091674940772,17.606219179132662,17.4504,13.465228752063593,4
15.871885278725632,16.270372179816533,16.30081961053774,15.662907,12.82504847696984,4
18.731789497040527,17.640264070177114,17.616712349946265,17.361214,15.485621062482263,4
17.4109967800587,16.458885152530467,16.55460615310659,16.184208,16.397934561624908,4
19.265842876514228,20.617612750336082,20.65128982145762,20.507338,14.764470611239721,4
14.854014367153036,16.142053459332327,15.716186840076965,14.894552,13.10004339720956,4
22.43727429734871,20.86826243932092,22.501663598142795,21.811829,19.435818799248338,5
17.68128678375225,16.36632731761557,16.682062047166525,16.261951,14.581503551411977,5
16.12334217230253,15.447374297667254,16.268983356618786,15.778465,11.858126319164125,5
17.25914579263973,16.536970578773904,16.55460615310659,16.163284,14.334387074692945,5
17.43966046384857,17.11838460736707,16.96256365695813,16.897532,20.19449541440429,5
15.960046073860614,18.534939855433812,17.967689528230377,17.687716,15.928668230372539,5
15.239910311147014,15.920311151051532,15.73446807951762,15.413867,13.899718649110719,5
19.31221301187278,18.6806859424959,19.579312432619776,19.47085,18.099897224294654,5
19.098401494733746,17.7282867518705,17.336986006494,17.831709,18.329149493801328,5
17.26208304178717,16.455731011149105,16.55460615310659,16.354183,13.776446957087796,5
15.871885278725632,16.270372179816533,16.30081961053774,15.662907,12.82504847696984,5
14.364763922305158,17.00271040967038,16.611573361163497,16.729118,14.981400105550703,5
14.702163379734065,16.077197253940337,15.716186840076965,15.263971,13.572233799114304,5
19.066132096746845,16.267972577470363,18.12252822587147,16.487505,14.096863773431409,5
14.998288488328035,17.258199921142662,15.901521904698129,14.336591,13.139773354132302,5
17.817876309269273,17.235280684541507,17.661381424206798,17.419838,16.431849343542453,5
18.038415565387584,19.54299717302207,18.600921092334005,19.189627,16.74331340519407,5
15.675826012109447,16.428484454316646,16.242335190002514,15.70089,12.901872597154501,5
16.143564084743325,16.30807598116263,16.08208448811011,16.153385,13.017576782758965,5
17.487520885689776,16.298631518302066,17.04472611100099,16.7003,14.099573588882212,5
26.56688903483706,18.326346279356606,16.761119826998065,16.436954,13.16492453293899,5
15.421060002922282,16.29335211743111,16.281114122753202,15.726737,15.126467685972823,5
17.240390043584462,16.32478839578481,16.55460615310659,16.354183,13.95265437464747,5
15.239910311147014,15.920311151051532,15.73446807951762,15.413867,13.899718649110719,5
21.31163482052547,19.463252190315618,19.86759240377918,19.846535,20.917830000149834,5
17.422441891081647,17.197899297905,17.04472611100099,17.033924,16.100162212783317,5
19.11054449174763,16.590855772320722,17.526522196364123,17.15825,14.18126282782896,5
12.883211873518617,13.868172055965465,13.941315671113687,13.274347,10.887615155546962,5
16.24910718956447,18.247843763353682,17.78628289215062,17.75816,15.750588813034174,5
18.98185758829328,17.218177786183777,18.231003332690634,18.116867,15.100547576403386,5
15.95923280619526,14.864845968836386,16.001809636564772,15.2377205,13.105574824266036,5
17.530906882095195,16.37668223953905,17.04472611100099,16.608465,13.331109224902805,5
19.003550586495994,17.397845944033897,18.231003332690634,18.025032,14.798002082706741,5
17.375130325714885,18.53574578646575,17.927248485134267,17.752266,16.957465745836036,5
14.702163379734065,16.077197253940337,15.716186840076965,15.263971,13.572233799114304,5
19.33390601007549,18.75814141916262,19.579312432619776,19.712637,18.223426941481392,6
25.485175728905453,31.02084239709775,29.32141813590692,29.311462,30.81990752770686,6
15.370068300363275,16.26725694553554,16.00793766557163,15.725097,13.703197369235273,6
16.712554015547813,16.47220358723996,16.27443177571786,16.125732,15.535515905344974,6
13.035062860937588,14.385309576176214,14.422850755793606,13.49684,11.113938237447615,6
19.087825094949554,16.201666719121317,18.12252822587147,16.487505,14.467617987949968,6
32.4469751506572,21.70491122174154,17.307629903074943,16.40458,17.38575106576703,6
16.78302724577319,18.48632190833155,17.299781994797783,17.892294,19.470326977589288,6
12.948290868126747,13.977816165968317,13.941315671113687,12.98873,10.177509311405991,6
21.357760755020912,18.53747992153985,18.096925574312966,18.079374,10.648367865045383,6
26.73160957666097,26.466541062455022,28.641280803509247,32.81975,18.084189408808683,6
29.40294063595425,34.70826921290491,33.4055993100948,35.49748,29.554829820834286,6
17.32283598492372,17.24603193069258,17.688375952747005,17.447113,14.61100311214617,6
20.389422298085947,18.295537366320726,18.31439250186605,18.654314,17.814332817827122,6
17.105163558255267,19.342663144558063,17.927248485134267,18.304714,20.268626819255804,6
16.497083592287446,19.01417579561375,18.50902267426894,18.3635,16.395843883046,6
16.828624712714948,17.142689770841752,16.822447268791766,16.717978,15.856076238597383,6
22.055831900549222,19.434283365975666,20.1963594181116,20.4513,16.196644658467235,6
26.684199327076335,25.78826149868406,26.11825741392024,26.156475,18.419372263105704,6
15.53226493202585,15.384959819489112,16.875987501460646,16.782814,13.170613044461607,6
14.264439529200851,15.11339378020765,15.559488095920642,14.929697,12.444217024076126,6
22.206656489372833,17.804394287482893,18.84226284268797,16.686638,18.175710871095898,6
16.08939079541152,14.14529300506805,16.001809636564772,14.823076,13.159125337225841,6
15.828499282320212,16.34476094608526,16.30081961053774,15.9485235,13.513815370033038,6
19.08885149354492,16.914877541758734,17.526522196364123,16.80496,13.975800374724653,7
15.925131974290327,18.92802239227139,17.850157360856688,17.73097,17.778715160346906,7
16.345232604868478,16.201011239420083,16.55460615310659,16.145182,15.048766692854887,7
17.300320703929216,17.940882920820314,17.568725799350336,17.286728,16.38509455066544,7
17.969727296688244,19.272027406292317,19.61579794536915,19.503939,17.487650242793283,7
16.857278969171922,17.208496376900925,16.76098969714418,16.544815,13.87136616112121,7
14.486589101794463,14.672820555368268,14.645371421386203,13.768864,12.234441596899735,7
18.27196971275945,17.62289868214827,17.643706878486473,17.39887,16.415156931807655,7
14.442627570730254,15.710759180143677,15.716186840076965,14.802038,11.33445631191482,7
13.810652603151638,14.492465463866038,13.959596910554342,13.528284,11.830179538541142,7
17.63790078734683,16.262324228187605,16.682062047166525,16.261951,13.510936482501133,7
15.196524314741595,16.44167777291414,16.28997511498235,15.817673,15.022099702806994,7
18.257882420710324,17.9611088091174,17.88455346563144,17.554712,17.479386750111406,7
15.632440015704026,16.66434969319718,16.242335190002514,15.70089,12.916019550191763,7
19.701227420754826,17.691277590235234,17.727096047661888,17.672035,18.400632565616178,7
15.806806284117503,16.26514437734102,16.30081961053774,15.9485235,14.067560431352245,7
16.008014363180195,17.71193121442546,18.830404022622997,19.01291,16.703615334133584,7
20.163984454183346,18.702520398041806,19.579312432619776,19.47085,16.324693452693467,7
18.413032226866942,17.33233665611165,18.26450875394317,18.871857,16.78367311660345,7
20.294142443399608,19.484811646283443,21.05219386910221,21.181965,15.615036358628075,7
20.45450129269408,17.758511749710507,18.31439250186605,18.548193,16.52704530539375,7
18.25027671455674,17.669973387259674,17.643706878486473,17.421534,16.49278548865678,7
17.153618050773623,16.51359872319988,16.55460615310659,16.204233,14.954144442532026,7
28.082147918972424,28.53389889993303,28.094608999886063,29.655226,27.510176948503908,7
16.188421166910658,16.346347391827454,16.87514549901099,16.47627,12.499928435143364,7
25.488245145927813,21.548357062457843,18.307759718769933,17.988754,20.293132581333904,7
13.316291668144109,14.033256376235013,13.941315671113687,13.18762,11.230595164959189,7
16.886098001169493,16.102426088909752,16.54790136177187,16.151138,15.554523574976429,8
16.054586486667773,16.75424421634748,16.46711474078995,14.766115,19.38952729969242,8
14.179578422947975,15.86263069934447,15.559488095920642,14.779746,11.699171635815826,8
15.971491184883558,16.200917182904615,16.268983356618786,15.864099,14.14412976734339,8
17.799301775954632,17.013900188275983,17.253596837318586,16.425873,15.206119570883496,8
13.998295474399029,16.85278904929929,16.879414476848673,16.816381,19.00174268748814,8
13.3021947046897,16.567481327497237,16.030937379973473,16.533361,16.313190997834575,8
17.869428039926824,17.662371251382115,18.171156581603512,18.345945,16.310205276877394,8
18.73472674618797,17.316316220217022,17.661381424206798,17.62884,14.755434126254514,8
19.773912121516542,18.996073143911104,19.784203234603766,19.76112,18.96356785198428,8
13.316291668144109,14.033256376235013,13.941315671113687,13.18762,11.230595164959189,8
18.904520214996854,18.177022944640875,18.992015978415616,18.637556,15.619480809258503,8
17.58237179392753,17.489975306112083,17.253596837318586,17.092825,18.167370403852004,8
14.166175332080641,17.3964193332146,18.565989882325848,18.346764,18.38053798564075,8
15.235351821886258,15.96019141764103,16.875987501460646,16.831593,17.236421069780157,8
15.893578276928341,16.38980847282779,16.30081961053774,15.662907,12.67548121515324,8
20.60635228011305,17.90454715133244,18.439019559578337,18.457468,15.669514428925,8
18.817748222186015,18.4353774416932,18.992015978415616,18.618025,15.829321309113078,8
26.98258184853132,20.69317979456379,16.8016768934532,15.807814,19.99180272910995,8
20.626620416860856,19.08356015828821,20.13497927659513,20.668816,17.522514264482705,8
16.07995617589711,15.459267837442486,16.268983356618786,15.85074,11.797455803055957,8
14.520658017569126,14.075585079656364,15.447941904911952,13.878522,16.94351947384921,8
16.10164917409982,15.49268766462816,16.268983356618786,15.85074,11.774043103581462,9
29.40294063595425,34.70826921290491,33.4055993100948,35.49748,29.554829820834286,9
14.0423088831859,14.947828336872355,15.612676438345064,15.085421,13.83689729239677,9
22.055831900549222,19.434283365975666,20.1963594181116,20.4513,16.196644658467235,9
14.62900546969902,14.874416577432203,15.3092172567955,14.64528,10.67678621478013,9
28.038761922567005,29.243189663641573,28.436073679477612,29.660908,28.718402867608226,9
14.000833773338442,14.741160795352437,15.612676438345064,15.24873,14.117286354255658,9
12.861518875315907,13.895955882017333,13.941315671113687,13.274347,11.493874885711582,9
22.21998665325961,19.32776030999902,19.813786075567478,20.073992,16.385084301236354,9
16.475390594084736,16.18472769853342,16.55460615310659,16.071257,16.07891023108759,9
16.07995617589711,15.459267837442486,16.268983356618786,15.85074,11.797455803055957,9
20.921269553184004,19.517132257021316,19.48095456732283,19.703323,18.721351256533758,9
17.26208304178717,16.455731011149105,16.55460615310659,16.354183,13.776446957087796,9
20.203044399117186,20.353785658664005,19.82576204310796,20.483976,18.55867740144624,9
16.143564084743325,16.30807598116263,16.08208448811011,16.153385,13.017576782758965,9
19.129300204797012,16.93478105691905,18.3583447301324,16.736439,15.38597391782482,9
15.971491184883558,16.200917182904615,16.268983356618786,15.864099,14.14412976734339,9
18.380434703773,17.506316636077646,17.643706878486473,17.350346,16.888655601253063,9
14.672391466104441,14.972879227310449,15.3092172567955,14.706788,11.06417934814967,9
17.280838790842438,16.458772679150826,16.55460615310659,16.163284,14.692723668399122,9
18.98185758829328,17.218177786183777,18.231003332690634,18.116867,15.100547576403386,9
15.721423093630802,16.542569657753408,16.568780042532754,16.112118,12.993701944484629,9
21.112471328197874,21.70816792011026,20.721758625408604,22.250172,16.96539639402419,9
27.00541491662114,30.7376866138419,28.436073679477612,29.458958,31.60925807383523,9
17.552599880297905,16.322361463536335,17.04472611100099,16.850252,13.148985919142815,9
15.767746339183665,15.819405320934864,16.013273007068026,15.56545,13.184633767128256,9
15.610746632080913,17.3889215119648,16.49405715276145,15.932418,15.176148177556973,9
18.77811274259339,17.217342905614608,17.661381424206798,17.69035,14.54977368557314,9
15.261603309349724,16.046073247816125,15.73446807951762,15.413867,13.501130694123567,9
17.181804228448456,18.42708063804698,17.927248485134267,17.940882,13.733889539075584,9
20.43280829449137,17.956816108273713,18.31439250186605,18.548193,16.890298200325287,10
18.786765686558198,14.931275432598616,16.973337434692763,16.203861,15.452220763594525,10
15.335242282607588,16.232723755038162,16.44519146637402,15.661467,14.394881537016849,10
16.712554015547813,16.47220358723996,16.27443177571786,16.125732,15.535515905344974,10
19.2313132480526,18.08434797472669,18.038427345747458,17.466927,15.083610250978555,10
16.967204014294325,18.194350444636264,18.11936017224452,17.778135,16.788513883724075,10
17.661064871311456,16.528144994055342,17.650888253393195,17.341562,13.4672473333575,10
13.16444068072514,14.218787850773552,14.496822706578422,14.298797,14.899720273956497,10
21.199243321008716,22.08921309872592,20.721758625408604,22.037449,15.56963272923467,10
28.103840917175134,28.614700145516967,28.30253947652954,29.912779,26.815827970903495,10
14.753155082293071,15.111358362389904,15.864724292260233,15.519778,14.016937018087809,10
13.78222222461369,15.526596687593976,13.719188782019636,13.440078,22.430860594478915,10
14.610009710675484,15.655955274756948,14.63547659941978,13.639862,16.945750989864383,10
13.321877596804281,16.746925633960714,16.996599003816122,16.618103,17.40122623357777,10
16.864405002966784,17.14111178489827,16.54790136177187,16.570745,15.289490966132252,10
15.98092580439797,14.779809012825012,16.001809636564772,14.864093,13.002847541571558,10
17.62575779033295,17.198443879286955,17.253596837318586,16.929518,16.988297041758354,10
14.85089590226497,15.93494311444552,16.013273007068026,15.356447,14.052672261172068,10
19.74172867020744,21.470657183392195,20.729615875513637,21.254726,16.424697873760948,10
23.0224998701741,21.032303282807778,21.71669852298073,22.15585,19.01578666632639,10
27.01261007484044,18.14931557407851,20.63939661789741,21.522516,10.79687703771134,11
17.45299397413998,16.50448361814083,17.688375952747005,17.333517,14.059960635723868,11
16.348351069756546,17.70799178685682,16.737685620957123,16.145626,14.426482906597936,11
18.14181172354319,17.893858256995692,17.643706878486473,17.236343,18.050254491017448,11
15.355024394252336,15.472227788528796,16.44519146637402,15.844326,14.048703223947918,11
20.10539863904734,20.831105908307595,20.556242650493534,20.737263,14.407466179566022,11
18.25027671455674,17.669973387259674,17.643706878486473,17.421534,16.49278548865678,11
15.638819036481436,18.007493333428016,18.830404022622997,18.85118,18.303622749337517,11
14.723856377936777,16.108850978678515,15.716186840076965,15.263971,13.001585019911444,11
17.82099477415734,17.545171130506247,17.253596837318586,16.69304,15.396272434957421,11
16.80693171451224,16.966469789759856,16.822447268791766,16.364689,15.924570383450893,11
14.47418126809224,18.40573429588379,17.587951654616482,18.180023,17.953855921782747,11
20.098905459575214,18.66905610529087,19.579312432619776,19.562685,16.900005992022564,11
18.708707696513677,18.183327576327628,17.77176512192242,18.24751,17.955903728327897,11
16.828624712714948,17.142689770841752,16.822447268791766,16.717978,15.856076238597383,11
21.084214385391974,20.85045073781954,20.178234402970993,20.297451,16.92710017871077,11
17.38791497953185,17.03344252398836,17.688375952747005,17.352177,14.044967135354621,11
19.206866485747298,17.611583110688972,17.336986006494,17.640942,16.53357410765712,11
23.577787595315797,21.090857443161866,21.27933035142129,21.545843,23.06947001383763,11
17.540341501609607,15.178599989953527,16.872805849483015,16.095474,14.000273165807174,11
15.196524314741595,16.44167777291414,16.28997511498235,15.817673,15.022099702806994,12
19.263297213462227,15.384745450368966,17.029610464810098,14.959188,11.7435787012951,12
17.814245249577375,18.47446838120797,18.171156581603512,18.345945,16.434493085139803,12
17.501185729776864,19.83150558700139,19.899756538555895,19.523148,16.508863585615856,12
18.22858371635403,17.850253917673346,17.643706878486473,17.589634,16.664295395255003,12
16.283272075148414,16.890405052511184,16.256150536277207,15.65424,13.690802827477054,12
16.0460047990061,14.776344777078542,16.001809636564772,14.974677,12.89812056592146,12
17.922710240590927,18.816683039656525,18.171156581603512,18.20097,18.76723867122312,12
13.745573608543507,14.463761842200174,13.959596910554342,13.174991,13.043176660837114,12
18.1635047217459,17.711505456813757,17.643706878486473,17.236343,17.64919276668425,12
14.616747091010723,13.819694902295241,14.645371421386203,13.354219,12.477350910116225,12
21.680014154989564,19.53227837965633,19.66270160179519,20.039928,17.100683464767076,12
22.034138902346513,19.45571079305985,20.1963594181116,20.09801,15.898172693378386,12
17.66914378673837,17.325030437735197,17.253596837318586,16.929518,15.937543510771517,12
19.152904089557687,16.23075316818504,18.12252822587147,16.732306,16.204201807571256,13
28.00920153096763,26.692282028559458,26.11825741392024,26.569725,19.16446410636344,13
21.022830924018685,18.886630876908416,19.73776668387541,19.469995,15.987804317885356,13
17.946978292423395,17.427022137200755,18.00184396384247,17.618456,14.025102046363767,13
18.81856148985137,17.88901914233697,17.616712349946265,17.606014,16.853478194697942,13
17.45299397413998,16.50448361814083,17.688375952747005,17.333517,14.059960635723868,13
16.893703707323077,16.94694006208801,16.822447268791766,16.515469,16.427941704084922,13
19.046936582901413,17.622277770047567,18.231003332690634,18.266819,14.493766239053514,13
12.839825877113197,14.304440726110943,13.941315671113687,13.274347,12.270203075665568,13
14.256054664451817,14.822929396227265,16.49405715276145,16.014713,14.591061588641718,13
19.71121997773995,19.444576291490336,19.92631227462959,20.03705,15.089132078163868,13
14.875707365355746,17.47967580844084,16.197721924756884,15.626538,13.555010417420773,13
18.98185758829328,17.218177786183777,18.231003332690634,18.116867,15.100547576403386,13
16.88922928188729,19.00541544046243,17.299781994797783,17.892294,21.563770786650874,13
16.188421166910658,16.346347391827454,16.87514549901099,16.47627,12.499928435143364,13
19.730526125111123,18.5900175574492,19.784203234603766,19.40783,18.930843905692626,13
14.89428189867039,15.749154519229755,16.013273007068026,15.059088,13.900063652227693,13
15.348375302160566,16.20486157100642,15.864342385648435,15.487796,13.411592086039317,13
19.398985004683624,19.07267065914916,19.579312432619776,19.774147,18.53116810921455,13
16.280153610260346,16.454459890287435,16.55460615310659,16.125652,15.420347892400615,13
18.257882420710324,17.9611088091174,17.88455346563144,17.554712,17.479386750111406,13
14.630347004790698,14.925277448489803,15.919739555998305,14.743995,7.310569721561954,13
24.412356520579944,18.97394611331607,26.234124265076595,24.40644,19.187034984559023,13
14.335696849550555,15.07959681737821,15.299556287522421,13.647978,20.0187509382336,13
14.49884748048276,15.746259785771187,15.3092172567955,14.658638,13.05953187880768,13
17.197004047179043,16.366130001349426,16.55460615310659,16.204233,14.427730312232761,13
20.367729299883237,18.38736645778885,18.31439250186605,18.654314,18.3195366423311,13
22.077524898751932,19.983820427957607,20.1963594181116,20.4513,16.708524096140682,13
16.60776822218464,17.72351426783439,17.313978328523326,17.66005,16.446887570648467,13
16.69262932843752,16.608482370255096,16.758471293058598,16.922482,15.216738613940901,13
18.82608103191297,22.988945930586592,20.56391522787568,21.075628,16.45244328496606,13
16.153114085932152,16.64574287524826,16.256150536277207,15.917283,15.602226436181702,13
19.485108225009757,19.056210230518467,19.92631227462959,19.979864,16.237127158174555,13
17.30114298672101,17.334057815172713,17.688375952747005,17.710064,15.002263059628634,14
19.175623486355757,17.044615192792154,17.526522196364123,17.056154,16.213015672921202,14
15.794973985074066,18.513386592683727,17.642226884213212,17.890469,17.00867324895164,14
19.26520810002019,13.998035383311802,16.17321826098811,14.713268,11.862646547137922,14
17.58372749801503,15.335841945847392,18.702595312933077,17.850689,14.279013647512603,14
20.377163919397653,18.8774479306062,19.07540514759103,18.964848,17.07068675752189,14
12.904904871721328,13.79222010532589,13.941315671113687,12.805871,10.469521493099595,14
14.80750990585955,16.263065799514084,16.013273007068026,15.336917,14.572970915784298,14
14.507706565338385,15.944709176732859,16.197721924756884,15.382423,11.913750206657108,14
22.17222063206881,18.902982920093322,18.277798587685,18.152296,21.733686212277895,14
15.50783199573312,17.224215624801346,16.55458370880721,16.912888,17.34151390265519,14
19.3555990082782,18.969507152631376,19.579312432619776,19.712637,18.33942983597737,14
13.126640612979891,16.39162825676253,15.166809540366046,14.857921,15.690211448217754,14
18.62683539829191,17.79889775373475,17.765063202471687,17.785353,17.058471242320437,14
16.82415028727916,18.62692857671335,17.156186714874586,17.703539,22.9167934875551,14
24.616206477191753,23.876127266821847,22.77598129944935,24.132511,20.953259660695775,14
18.784605922065513,22.737776354710945,20.56391522787568,21.014118,15.159985248794321,14
20.71297180959639,20.807114654505757,20.46274423070344,20.638096,15.121620802177986,14
16.10164917409982,15.49268766462816,16.268983356618786,15.85074,11.774043103581462,14
18.79686849164866,17.741084840537507,17.616712349946265,17.606014,16.584447217969853,14
14.12012257161095,16.125417100466,15.049293331963998,14.161752,15.462059644846114,14
19.290520013670072,18.353365853791868,19.579312432619776,19.562685,17.97726407360172,15
17.962585344731416,15.96846979661903,17.72964198867441,17.671255,13.437355104877849,15
20.604881194351137,17.785102698180573,19.62745108585607,19.348434,15.590510055671935,15
16.338847292874725,16.504411146098505,16.758471293058598,16.832706,18.29188214107364,15
29.619870617981352,31.998402524277108,32.58293443789393,37.542168,25.78486734378417,15
19.51105926978838,19.266396816599585,18.54503296469464,19.16102,16.620221037952597,15
20.45450129269408,17.758511749710507,18.31439250186605,18.548193,16.52704530539375,15
17.552599880297905,16.322361463536335,17.04472611100099,16.850252,13.148985919142815,15
28.853869382599783,24.821274792054126,26.938956568649722,28.48007,19.85778062135643,15
17.598734856705835,16.721477190241707,17.80973227673222,17.840965,16.659521775253367,15
21.152178126952915,19.258122292693255,19.00797801412268,19.248543,20.23615130175621,15
15.196524314741595,16.44167777291414,16.28997511498235,15.817673,15.022099702806994,15
25.01994652169025,28.455773732513517,27.14746842731201,27.76583,29.417883341578175,15
18.56175640368378,17.947031164256533,17.765063202471687,17.78234,17.75968321058364,15
14.89428189867039,15.749154519229755,16.013273007068026,15.059088,13.900063652227693,15
14.926699067914752,14.731280671796906,15.3092172567955,14.771894,10.11625991050793,15
14.421510107186332,14.988668149837222,14.645371421386203,13.749333,12.808804048085822,16
22.055831900549222,19.434283365975666,20.1963594181116,20.4513,16.196644658467235,16
16.131421087729443,16.967858725614324,16.256150536277207,16.080593,16.30588689742014,16
17.811444772968514,17.776945482038204,16.955531633220534,16.523733,20.237023437676342,16
17.817876309269273,17.235280684541507,17.661381424206798,17.419838,16.431849343542453,16
14.355855577919414,15.787310359082854,15.716186840076965,15.15993,12.104981216955895,16
26.96922407843502,18.176415824074645,17.993863143957032,16.931276,11.214790399277808,16
16.872010709120367,17.08932091500857,16.822447268791766,16.717978,16.108754464203823,16
20.583188196148427,17.19596990498048,19.62745108585607,19.348434,15.099857618088421,17
19.726599616607917,21.689364110913846,20.44639901947363,21.605227,14.971345518627727,17
13.465879071170836,13.957904648693875,14.204901140803914,13.94867,10.331761124575934,17
21.992223991703007,19.87422813430322,19.253809788735293,19.928616,17.219237804769193,17
20.158915958070413,22.593946476813233,20.556242650493534,21.95537,18.089430643860307,17
14.585619473293601,14.675215410185423,15.3092172567955,14.197969,10.783616654937518,17
16.475390594084736,16.18472769853342,16.55460615310659,16.071257,16.07891023108759,17
14.52054047868547,15.536880315497596,15.3092172567955,14.495329,12.250774588943065,17
14.355855577919414,15.787310359082854,15.716186840076965,15.15993,12.104981216955895,17
17.849645928282076,18.315346143195892,18.171156581603512,18.345945,16.18434846692363,17
17.14353413140136,18.262535720974125,17.44382663635566,17.190804,17.914582136414218,18
25.526863615688818,31.212345194326087,28.302783237501814,28.737625,30.787571823039446,18
22.585115032598672,21.013156519299358,21.53036291706946,22.701273,17.5931735085811,18
26.020980979326026,25.42840664393227,34.95875782013568,33.830982,21.498256617230002,18
17.659640009856552,16.619729566690484,17.80973227673222,17.840965,16.450648547740325,18
19.834516690688886,20.268239656021763,20.323448322552906,20.659151,22.498575786298364,18
20.66703830276686,19.708820338637942,19.808796066227544,19.976654,17.306248335028894,18
16.917783556357328,18.006855375439073,18.28867279000556,18.189096,15.458214047704532,18
17.721750893965265,18.760239600074723,18.171156581603512,18.403131,16.168303473922954,18
17.66914378673837,17.325030437735197,17.253596837318586,16.929518,15.937543510771517,18
19.11054449174763,16.590855772320722,17.526522196364123,17.15825,14.18126282782896,18
21.549856165773303,18.812676751930322,19.66270160179519,19.81326,18.04738435417741,18
16.60298892425833,16.45603327368462,18.28867279000556,17.81406,15.912203460611021,18
19.707876512846596,20.696735196894387,20.18590698035314,20.896326,16.332155643078753,18
20.120598457777927,18.617692466461282,19.579312432619776,19.562685,16.733707429787376,18
15.64687809078314,14.56869966710447,15.803620102819126,15.062045,11.68650370486274,18
20.158836119919968,20.15256395145248,19.14293621891118,19.464159,17.897497950668402,18
15.399367004719572,16.416666885329683,16.281114122753202,15.929248,14.77541953659459,18
19.969149105340932,21.034396720087134,21.2570846710862,21.620714,20.82316874503174,18
19.544580799825084,21.098699316917887,20.18590698035314,20.896326,17.090075118746647,18
19.228559483950008,17.49388638446527,17.336986006494,17.568668,16.394743836361375,18
16.842712004764074,16.78766435870201,16.54790136177187,16.436962,15.049762463924473,19
21.357760755020912,18.53747992153985,18.096925574312966,18.079374,10.648367865045383,19
21.72046290224754,18.726485032822602,19.61803252753466,19.662666,19.030872308064055,19
19.634094964123182,20.98552579704348,20.44639901947363,21.81795,16.40992341592676,19
20.719777721665448,19.040524166377704,19.66270160179519,19.99401,19.18526546321718,19
25.418398624675266,32.1437740524499,29.32141813590692,29.311462,31.18649914968433,19
15.551217992138541,19.045300709520053,18.287711932383157,18.440971,18.320696518062267,19
26.456513157265547,18.10866563517253,17.933004869260692,17.237473,14.093812567424973,19
16.497083592287446,19.01417579561375,18.50902267426894,18.3635,16.395843883046,19
19.003550586495994,17.397845944033897,18.231003332690634,18.025032,14.798002082706741,19
13.810652603151638,14.492465463866038,13.959596910554342,13.528284,11.830179538541142,19
16.864405002966784,17.14111178489827,16.54790136177187,16.570745,15.289490966132252,19
26.651750141089934,19.69501005923991,16.96905030364154,13.169849,14.488554514475606,19
14.269083585108573,16.819308828991407,16.271693875541697,16.258564,15.196319207116298,19
19.153930488153048,16.68407589471572,17.526522196364123,17.15825,15.330202802484909,19
17.34591778545057,16.690299855293663,16.55460615310659,16.408083,15.712294269715896,19
17.929950574374033,18.725651539637905,18.327451506279996,18.729546,13.414808074002769,19
14.27512251115192,17.764486182718326,16.562707674776068,17.275349,17.544485720989872,19
15.442753001124991,16.780447907936388,16.281114122753202,16.174047,15.601195038108646,19
18.691340749782547,17.186706171056308,17.661381424206798,17.387053,15.176249528939552,19
17.4046627566048,18.047044888749728,18.396202337233397,17.146582,17.86329594420956,19
19.722920418957536,17.510997059821563,17.727096047661888,17.503935,18.195915431393143,19
15.724360342778244,15.747450323638663,16.013273007068026,15.415499,13.657488277475299,19
18.20689071815132,17.788000179489917,17.643706878486473,17.589634,16.926545037206825,19
14.290776583311285,15.992739685967917,15.716186840076965,15.323239,14.283246497044608,19
16.280153610260346,16.454459890287435,16.55460615310659,16.125652,15.420347892400615,19
19.268827015467362,18.4880457950087,19.579312432619776,19.562685,17.865954521735002,19
15.37767400651686,16.488513149326863,16.281114122753202,15.929248,14.574699268310688,19
16.174807084134862,16.61884994129933,16.256150536277207,15.917283,14.960918594471392,19
20.291205194252164,18.309662517821835,19.534643358359244,19.473127,18.134706552909776,20
15.239910311147014,15.920311151051532,15.73446807951762,15.413867,13.899718649110719,20
20.50732190861391,17.422099723469024,19.07540514759103,18.415987,16.43652179058062,20
17.16216671471921,17.125455272261046,16.758471293058598,16.639345,17.800614571246342,20
29.18129946157801,22.41399432077107,22.9598672253885,22.893858,17.57030771999233,20
17.168331666305434,19.31837454314765,17.927248485134267,18.164265,18.55765174840582,20
20.677991730966994,20.51868134576262,20.13497927659513,20.818768,18.662836248693242,20
18.669647751579838,17.182344788271976,17.661381424206798,17.478888,15.412989011819445,20
17.4109967800587,16.458885152530467,16.55460615310659,16.184208,16.397934561624908,20
14.533537731288149,15.211590592493387,16.49405715276145,15.717354,15.513936834549916,20
16.25773000067106,18.20554464260341,18.830404022622997,19.01291,18.472908404953984,20
15.505218890214804,17.611882716690396,16.49405715276145,16.175879,16.36565970449304,20
18.38886946145864,19.465785717479104,20.56391522787568,20.815384,10.541440853871475,20
15.806806284117503,16.26514437734102,16.30081961053774,15.9485235,14.067560431352245,20
29.38124763775154,34.50160687818948,33.17246327720162,34.889397,28.98030212360853,20
15.774239518655788,17.873412565412362,16.875987501460646,16.740694,13.615591155883553,20
15.399367004719572,16.416666885329683,16.281114122753202,15.929248,14.77541953659459,20
15.413454296768695,15.70239929971985,16.00793766557163,15.573496,14.444008611336661,21
15.832825333791796,15.789161194988774,16.013273007068026,15.626958,12.98604623421221,21
17.509213883892485,16.36360632763115,17.04472611100099,16.7003,13.645953473249179,21
19.963678974246022,22.39162546491649,20.556242650493534,21.957592,22.008881114644606,21
24.144059299748594,22.447559753753758,23.172180402507855,24.90801,17.602680007609877,21
14.667983095189198,14.799073334965485,15.447941904911952,13.633722,13.574082926329353,21
17.04000434007629,17.6316400326545,16.758471293058598,16.639345,16.261866790882724,21
18.14181172354319,17.893858256995692,17.643706878486473,17.236343,18.050254491017448,21
14.059621227625055,15.014099960665515,16.611573361163497,16.278395,13.592241625133738,21
13.20108929679532,13.050249418433934,13.58936135157029,11.938004,7.194593589291536,21
13.229519675333268,13.91158967752696,13.941315671113687,13.378388,12.371251746557764,21
18.93847159188786,17.892183211138633,18.231003332690634,18.116867,16.028042171620896,21
16.604899810816292,17.128354178031078,18.28867279000556,17.81406,15.950500611283307,21
25.128411512703803,27.575610080666547,27.013934224363936,27.385172,27.027647782219837,21
19.614455427943987,17.53163963523768,17.727096047661888,17.318745,19.54602635244274,21
13.962503590570607,14.217285909374375,14.493313283701864,13.941127,13.994299888843948,21
17.175311048976333,16.40336987884807,16.55460615310659,16.204233,14.69014944334885,21
18.322961415318456,18.23672341599211,17.88455346563144,17.915909,17.447317024537096,21
17.40159224637958,20.61365561770906,19.66065043935442,20.214424,19.36242189051951,22
14.563926475090891,14.91321972774613,15.3092172567955,14.495329,11.091459415429386,22
22.207682887968193,21.125373431823068,20.1963594181116,20.563843,21.855745924314327,22
19.773912121516542,18.996073143911104,19.784203234603766,19.76112,18.96356785198428,22
16.66916801914239,16.684390847460126,16.27443177571786,15.764534,16.503357708064282,22
22.334918990992048,20.66513430621545,20.03314829889723,20.39462,20.990827658057558,22
20.57645081581319,19.661903818896544,20.067228212690978,20.559275,17.178958945258742,22
17.71979916017266,17.705065979323358,18.327451506279996,18.137262,17.880574827310948,22
26.646535693472185,27.523025920217414,26.11825741392024,26.569725,19.338338422837687,22
20.121172100895414,19.14660678375722,20.073888446308384,20.071823,17.170473549815682,22
14.743963640184695,16.365263575994994,16.15827743859061,15.688826,15.771118583305917,22
16.453697595882026,16.22322371619465,16.55460615310659,16.356642,15.786904374223845,22
16.039319159494198,16.215041797225638,17.313978328523326,17.537035,15.853993638342214,22
16.23762249435075,16.023606903130585,15.913833126745423,15.336229,12.063521774091711,22
23.699153804708423,23.99026131332506,24.094589039050238,24.266144,24.638307759360764,22
26.738761973355956,22.42038184567757,22.646103254741742,22.159845,18.40210846980146,22
13.251212673535978,13.923964624205807,13.941315671113687,13.378388,11.784946123558932,22
21.658321156786855,19.20617493304187,19.66270160179519,20.039928,17.31866343026962,22
15.915271275131053,16.34449510586688,16.30081961053774,15.5906315,12.629876549326301,23
18.35874170557029,17.427048961893988,17.643706878486473,17.350346,16.749749689555824,23
20.252878996875936,19.356471735858094,18.556156870097706,18.955267,20.963857600181147,23
19.357297395811447,18.012777812331446,18.271563378640632,18.424368,12.752170565595788,23
20.29039192658681,18.672642338060143,19.07540514759103,18.88813,17.019529167643633,23
11.718500368528437,14.660970037926381,14.512201608391212,14.111398,16.085916410553136,23
14.399817108983623,15.387762209815342,15.200878456850939,14.506433,13.099712803209364,23
17.23745279443702,16.535537810953926,16.55460615310659,16.163284,14.020773606284308,23
17.726209290947338,17.30174433164437,18.032904318156863,18.1609,13.608016334706292,23
17.40960797773456,17.2796469141959,17.688375952747005,17.48596,14.003763895557949,23
22.721230294908665,20.14285195285599,20.07860457799462,19.744898,20.41499680139639,23
20.73401278497203,17.03585785823912,18.375123230618662,16.832298,18.2224097895759,23
19.20374802085923,18.481953579403772,19.579312432619776,19.543154,17.69615285386006,24
15.763420287712082,16.820599170342952,16.30081961053774,16.111832,15.51227599206903,24
21.593242162178722,19.129507397989975,19.66270160179519,19.889977,17.86946026894592,24
19.817298117921965,19.249813815016342,19.784203234603766,19.76112,19.21660717029732,24
26.4534137165951,29.554283176749568,27.908632664062967,28.624384,29.343206546797333,24
17.36761078365328,16.550204147080308,16.55460615310659,16.335808,15.974996496642701,24
20.05678411958352,21.829071972112853,21.36148768914582,20.149126,20.25673937516249,24
17.574292878500614,16.372676767272857,17.04472611100099,16.850252,13.080563330768229,24
26.601055217104598,27.94871475752854,27.951361946621216,27.7329,27.64438895470501,24
15.846345299180207,17.88318335346925,17.642226884213212,17.142807,16.78051918394192,24
20.91501470548984,20.94576768581489,21.135583038277627,21.346127,19.847467526106996,24
24.128192173737506,16.836402134910045,17.94161235846359,17.950996,11.236791933237976,24
17.731104316458435,17.5298957484938,17.661381424206798,17.570623,16.61605586826846,24
26.4534137165951,29.554283176749568,27.908632664062967,28.624384,29.343206546797333,24
15.786502088238933,16.56077109473134,16.013273007068026,15.374549,13.452836649997293,25
14.770917416444405,16.359980485886243,16.246328749803205,15.284927,17.178426712946465,25
13.294598669941399,14.036709182939738,13.941315671113687,13.18762,11.20927449787863,25
17.355348214070137,18.60326714655479,17.927248485134267,18.171875,16.233939337517953,25
15.147481757899321,18.392850653437314,18.06009402522915,18.515955,15.094864830586046,25
20.333202388333447,20.14888300584686,18.711182408791664,19.013975,16.809015486143338,25
17.886564577968613,18.449308961333983,18.327451506279996,18.452972,12.838589881178194,25
14.159796311303229,16.35951451728583,15.559488095920642,14.779746,12.074053547671465,25
18.669647751579838,17.182344788271976,17.661381424206798,17.478888,15.412989011819445,25
14.774537199644785,15.015610254343764,15.447941904911952,13.806247,16.560792948814825,25
17.377041212272847,18.508244158990834,17.927248485134267,17.752266,16.860917900987882,25
16.690861017345103,16.521140747790593,16.27443177571786,15.77244,15.994463456710927,25
17.280838790842438,16.458772679150826,16.55460615310659,16.163284,14.692723668399122,25
15.618447712245192,15.598229577421625,16.0313747338298,15.363453,18.016779724060587,25
17.785214483905506,16.54555144286252,17.000057036740458,16.669062,13.674819128445874,25
16.440482430661753,16.803720931369174,16.11540708655938,15.996288,16.55354415061333,25
15.399367004719572,16.416666885329683,16.281114122753202,15.929248,14.77541953659459,25
19.129274756523287,18.6038001630029,18.271563378640632,18.700941,16.84717323162771,25
19.214472191900885,17.595038022318008,18.161159139760233,17.860762,16.657398988645895,26
20.47619429089679,17.939350583644988,18.31439250186605,18.456358,16.246310762740563,26
15.321025743521002,19.0040674531824,18.926367932732436,20.008854,16.28603937169061,26
18.62626175517442,17.340722258817863,17.661381424206798,17.478888,15.86475669669072,26
23.02054408174778,21.421250500024684,23.20054029606009,24.21046,20.53566907741774,26
15.637588349967404,16.156608424650713,16.568780042532754,16.153069,14.855427175960873,26
23.171413608445633,20.888040964207338,20.898914493995452,21.236164,20.058964709987332,26
18.333293614239537,16.915514910771194,17.93081458149034,17.621277,17.579256225364546,26
15.786502088238933,16.56077109473134,16.013273007068026,15.374549,13.452836649997293,26
17.530906882095195,16.37668223953905,17.04472611100099,16.608465,13.331109224902805,26
14.290776583311285,15.992739685967917,15.716186840076965,15.323239,14.283246497044608,26
18.62626175517442,17.340722258817863,17.661381424206798,17.478888,15.86475669669072,26
14.290776583311285,15.992739685967917,15.716186840076965,15.323239,14.283246497044608,26
17.38791497953185,17.03344252398836,17.688375952747005,17.352177,14.044967135354621,26
17.973336570779452,18.691252613570185,18.327451506279996,18.137262,14.641922804488953,26
16.174807084134862,16.61884994129933,16.256150536277207,15.917283,14.960918594471392,26
17.36622198132914,17.177590107347136,17.688375952747005,17.42445,14.14765740464323,26
21.013381290092607,19.993445937399237,19.690534163983624,20.44687,18.512157879262713,26
18.708707696513677,18.183327576327628,17.77176512192242,18.24751,17.955903728327897,27
15.473477477739241,15.104394023162563,16.141794921379258,15.982388,14.997339187153118,27
18.96016459009057,17.494997311167705,18.231003332690634,18.116867,15.513948235048051,27
13.879961822332442,16.26532658450276,16.10240696183855,15.947312,17.923418002725736,27
16.32353960666577,16.264717891338215,16.55460615310659,16.145182,15.099753882299744,27
25.528561725310873,32.23107288037629,29.554554168800095,30.537569,31.747718180791196,27
19.82003805601198,19.603143586738348,20.375369637121498,20.615559,10.877788998705398,27
17.153618050773623,16.51359872319988,16.55460615310659,16.204233,14.954144442532026,27
16.809318565343776,17.61673479344379,18.28867279000556,18.406345,15.05804260353945,27
20.155811421369044,21.981732546628013,20.29575061137304,21.112688,17.61556846290789,27
15.915271275131053,16.34449510586688,16.30081961053774,15.5906315,12.629876549326301,27
14.486013567135675,15.039854979677685,15.716186840076965,14.650437,11.650982024929688,27
21.65538390763941,18.063031983953874,19.61803252753466,19.659653,17.795789225562665,27
15.637588349967404,16.156608424650713,16.568780042532754,16.153069,14.855427175960873,27
17.290269219462004,18.553109664650453,17.927248485134267,18.110365,14.429257432413332,27
17.225190224853876,18.30326006795724,17.927248485134267,17.960413,13.544764928429366,27
17.948034298485535,16.92100846229991,17.661381424206798,17.211693,17.290106711061867,27
17.584802424719634,19.67949969442167,17.927248485134267,18.228495,17.60460362201943,27
18.62881411565492,17.611816674298346,17.478063021470568,17.057156,18.131599889797034,27
16.475390594084736,16.18472769853342,16.55460615310659,16.071257,16.07891023108759,27
16.658591619358198,17.627806927708672,17.026312408743774,16.84075,22.349241097662425,27
27.930296931553453,30.025566773619822,29.687844610775894,30.35072,29.09968877564875,28
19.31221301187278,18.6806859424959,19.579312432619776,19.47085,18.099897224294654,28
20.78485671627358,19.304673792811844,19.66270160179519,19.902176,19.728033433170225,28
28.28446311854648,23.467006176571466,23.79915588254245,23.980211,25.419144064077226,28
16.42103577051826,15.56574821735503,16.268983356618786,16.11114,11.592650317845148,28
17.62575779033295,17.198443879286955,17.253596837318586,16.929518,16.988297041758354,28
17.280838790842438,16.458772679150826,16.55460615310659,16.163284,14.692723668399122,28
18.257882420710324,17.9611088091174,17.88455346563144,17.554712,17.479386750111406,28
20.604881194351137,17.785102698180573,19.62745108585607,19.348434,15.590510055671935,28
14.138183151250963,18.449655049871563,16.611573361163497,16.923466,20.084768456790833,28
16.842712004764074,16.78766435870201,16.54790136177187,16.436962,15.049762463924473,28
21.528163167570593,18.93723951156453,19.66270160179519,19.81326,18.085014341819882,28
17.915372473121767,15.940875432702976,17.000057036740458,16.600992,13.170599541479481,29
18.806298920268226,22.636995182089578,20.56391522787568,20.941845,15.752454009021239,29
21.86206600248675,19.79137103214031,20.36838942305159,20.996902,18.87204372616858,29
19.614455427943987,17.53163963523768,17.727096047661888,17.318745,19.54602635244274,29
17.578522717652888,18.774287233053272,17.882579410873735,17.842737,18.824533655456225,29
20.502117128251772,20.150442780763242,20.511573576233,20.26191,19.082228155080976,29
19.076708496531037,18.02078289119421,17.336986006494,17.93783,18.801946348761145,29
19.904189988765367,21.658737315189192,21.764487828977863,21.994587,20.86828453221536,29
18.31535570916487,17.801174633890255,17.643706878486473,17.636171,16.49587705218262,29
14.409102273484109,17.415019112502684,16.562707674776068,16.52769,16.951803244926232,29
16.356827196660404,18.031376573954926,18.011328647780505,17.054533,13.640750143737467,29
20.120598457777927,18.617692466461282,19.579312432619776,19.562685,16.733707429787376,29
25.01994652169025,28.455773732513517,27.14746842731201,27.76583,29.417883341578175,29
18.798908683572076,18.97289911810628,18.26893022085784,18.296303,19.21815134896303,29
29.46801963056238,33.24602835051869,30.40137572789647,32.871212,29.97378035295153,29
19.024112556724084,22.481491593701463,20.768806029859668,20.862854,17.390648985066004,30
15.157393113559106,14.67005104974749,16.046731247581917,14.414216,14.196927561787575,30
29.44632663235967,33.38467851435914,30.40137572789647,32.38455,30.053710502192438,30
17.048294632832068,16.864365285304274,17.927248485134267,17.93026,14.95235198833371,30
15.196524314741595,16.44167777291414,16.28997511498235,15.817673,15.022099702806994,30
17.38791497953185,17.03344252398836,17.688375952747005,17.352177,14.044967135354621,30
26.755000684485736,26.760444189361582,26.11825741392024,26.156475,18.486547274162184,30
21.481500199889975,22.6370060798867,23.595395918204833,26.423254,20.058342177040977,30
16.188421166910658,16.346347391827454,16.87514549901099,16.47627,12.499928435143364,30
16.383362465508824,17.404344740978715,16.878505905546227,17.250166,15.749216548997993,30
26.956121323684194,34.81258478000254,30.40137572789647,32.44157,32.92521292272593,30
15.038965863766325,16.57873615354019,16.15827743859061,16.517054,16.71059104251022,30
18.31535570916487,17.801174633890255,17.643706878486473,17.636171,16.49587705218262,31
25.485175728905453,31.02084239709775,29.32141813590692,29.311462,30.81990752770686,31
17.66914378673837,17.325030437735197,17.253596837318586,16.929518,15.937543510771517,31
27.066284424319804,32.25128761491071,30.40137572789647,31.902267,31.890989743887896,31
18.33704870736758,18.170632422171476,17.643706878486473,17.769955,16.612663771436225,31
29.59817761977864,31.953941270603362,30.05991104830492,30.87889,26.542717528596132,31
13.745573608543507,14.463761842200174,13.959596910554342,13.174991,13.043176660837114,31
27.021200318292323,33.1709802471893,30.40137572789647,31.879604,30.85012303839872,31
14.54223347688818,15.000923470987889,15.3092172567955,14.495329,11.584310718066892,31
17.895294879586945,19.83546900221005,18.379087058246988,18.886791,19.86101146078633,31
20.908628171242945,17.687230923793535,23.684057267487397,19.851465,15.905958250895686,32
29.40294063595425,34.70826921290491,33.4055993100948,35.49748,29.554829820834286,32
16.80693171451224,16.966469789759856,16.822447268791766,16.364689,15.924570383450893,32
12.969983866329457,13.977816165968317,13.941315671113687,12.916455,10.260896193577539,32
18.1635047217459,17.711505456813757,17.643706878486473,17.236343,17.64919276668425,32
21.993551767218936,19.386759089161917,19.750680024167437,20.510357,18.739944315768636,32
18.1079689854315,16.32962245234573,17.997483104359585,18.230274,12.173713822354838,32
16.23229318841914,16.371238792686068,16.758471293058598,16.621244,16.683197903298375,32
23.485089608544598,23.638108842176607,22.25035633929714,22.4406,16.891520657128904,32
22.170728427863537,21.584610478824445,21.71669852298073,22.259884,20.236204323209375,32
17.796183311066564,17.287367544024097,17.661381424206798,17.419838,16.401785330458978,32
17.13192505257091,16.49271920914067,16.55460615310659,16.184704,15.216104663109679,32
18.575816537947656,19.192520127172948,18.867576612976208,18.881985,15.070659122936544,32
13.207826677130559,14.049032377926403,13.941315671113687,13.378388,13.11929729820324,32
18.363734306205558,18.04621823059305,17.80973227673222,17.872578,17.490611303202346,32
26.624842695269475,27.829701543888586,26.11825741392024,26.569725,19.4955351768,32
16.30184660846306,16.365628303431198,16.55460615310659,16.145182,15.225021017666712,32
16.153114085932152,16.64574287524826,16.256150536277207,15.917283,15.602226436181702,32
24.061202292571412,16.939914365243638,17.94161235846359,17.550234,10.967357048699064,32
19.752219123313832,18.67106765187671,19.784203234603766,19.40783,18.925734385262444,33
18.838865685729935,17.79854572153218,17.77176512192242,17.855778,15.620403896321823,33
16.061012157696908,15.90588743841927,16.758471293058598,16.601713,15.851269736707959,33
25.196356293175207,25.2183489224313,25.59182243503646,30.323648,23.712416854244506,33
26.891042329076065,34.313475058283345,33.17246327720162,34.60497,32.070525371003754,33
17.21437099391017,18.379725564068522,17.688375952747005,17.873371,17.458398511375762,33
19.904070110732803,19.690110975457717,19.784203234603766,20.346277,20.278393181494287,33
17.175311048976333,16.40336987884807,16.55460615310659,16.204233,14.69014944334885,33
17.038173677089173,19.247859114330105,17.927248485134267,18.285183,21.579777080726448,33
20.864486757127587,18.098092868173403,18.47092399350342,17.909157,18.1185372624081,33
16.23187258834383,16.432672300373774,17.026312408743774,16.540428,13.394795936552766,33
24.480936602212598,23.8198448723503,23.701698117736132,23.79523,17.95042909448738,34
20.389422298085947,18.295537366320726,18.31439250186605,18.654314,17.814332817827122,34
20.52901490681662,17.904897279104155,20.423659526361178,19.858822,16.413713964102445,34
17.661064871311456,16.528144994055342,17.650888253393195,17.341562,13.4672473333575,34
19.290520013670072,18.353365853791868,19.579312432619776,19.562685,17.97726407360172,34
16.11108379361423,15.414012053985322,17.831599100014834,16.997902,13.43192012033356,34
15.894967079252483,16.56771655729192,16.013273007068026,15.547073,15.099785646272926,34
25.385444945170185,21.234995203915286,22.495468659368015,22.918594,20.901780045145966,34
19.237780594771483,17.909879338536097,18.11526845396415,18.317339,17.435358160148795,34
19.055015498328327,17.942205501793055,17.336986006494,17.93783,19.247167311989593,34
17.181804228448456,18.42708063804698,17.927248485134267,17.940882,13.733889539075584,34
19.838991116124674,19.26718415685389,19.784203234603766,19.764133,19.435659920249748,35
15.763420287712082,16.820599170342952,16.30081961053774,16.111832,15.51227599206903,35
20.056093106287285,19.241377260671687,20.073888446308384,19.827023,18.11830099595607,35
21.948837995297588,19.542236733439594,19.595274468326842,20.032866,17.575554012457033,35
18.688403500635108,17.388342920490924,17.616712349946265,17.341682,14.8151556724974,35
17.12677633288713,17.40101255776142,16.758471293058598,16.884148,14.707516199844973,35
14.159876149453673,18.219972457407138,16.611573361163497,16.923466,19.546490088917928,35
12.883211873518617,13.868172055965465,13.941315671113687,13.274347,10.887615155546962,35
21.65538390763941,18.063031983953874,19.61803252753466,19.659653,17.795789225562665,36
16.98047570013392,18.043112954443135,17.095916854845775,17.701616,18.346106345954333,36
24.217537725093152,22.294670016923828,21.2660789893347,19.452515,18.534566596984494,36
18.839441220388725,18.12006178913022,18.992015978415616,18.618025,15.766635652643446,36
16.280153610260346,16.454459890287435,16.55460615310659,16.125652,15.420347892400615,36
18.99485484089596,20.200786465472714,20.44639901947363,20.851606,17.188340005998214,36
20.055519463169794,18.619269195114146,19.579312432619776,19.543154,17.156276216423418,37
17.534820745821058,18.691842268636147,18.327451506279996,18.510551,18.92659571956725,37
17.873601881384236,18.84879702346448,18.171156581603512,18.128696,19.517620790607506,37
17.926341300282825,17.23744894091585,17.661381424206798,17.6313,17.099657569896376,37
17.755915779549213,17.075192380393336,17.253596837318586,16.666477,15.037618515019254,38
16.63398713018625,18.452690439578618,18.71288781422095,18.850397,18.795195323833838,38
13.27290567173869,13.932620256416344,13.941315671113687,13.004761,11.392837360937808,38
15.828499282320212,16.34476094608526,16.30081961053774,15.9485235,13.513815370033038,38
16.01945947420314,17.680972402380068,16.878505905546227,16.870632,17.573527053951107,38
17.721750893965265,18.760239600074723,18.171156581603512,18.403131,16.168303473922954,38
26.977814321886903,34.05356471249187,30.40137572789647,32.44157,32.507236984426186,38
26.999507320089613,33.45075271687313,30.40137572789647,31.902267,31.79330330355321,39
20.006984747080594,19.797899719304326,20.4017299452131,20.147663,16.944362163993137,39
21.709804914686615,18.25107348283278,21.614056077019512,19.945255,15.998002311452618,39
29.40294063595425,34.70826921290491,33.4055993100948,35.49748,29.554829820834286,40
20.87162870908442,19.943159838765858,19.66270160179519,20.205473,19.968078986231646,40
19.613708414926535,19.09885343414165,20.375369637121498,21.283901,15.099170760511988,40
14.680470381531356,16.105418849863995,15.716186840076965,15.263971,14.277964948744026,40
16.407327460523476,17.615363811710743,17.299781994797783,18.075565,14.344899840220698,40
14.944413443758352,18.281067421691493,16.49405715276145,16.398533,18.21668269871723,40
18.687014698310968,18.29360992912532,17.77176512192242,18.24751,18.515657326918248,40
16.734247013750522,16.541272567394884,16.27443177571786,16.125732,15.162839451382371,40
28.060454920769715,28.611578882759023,28.094608999886063,29.314869,28.155659684403485,40
27.4788933291443,23.48667720964859,22.286209018493658,22.627691,19.073725300489563,41
29.130034970792813,24.283808312229954,24.53452737460057,25.47164,24.976099113324373,41
19.175249110587462,20.413885924683154,20.65128982145762,20.34859,13.990050260590415,41
25.505170617486108,32.27761424015495,28.302783237501814,29.312212,31.479988533211497,41
16.19650008233757,16.745373941140006,16.256150536277207,15.917283,14.422952279022219,41
24.23665716475106,16.786029579302664,18.149542835107066,18.357155,14.93282361831542,41
26.934428325481484,35.9230622797761,33.96893463071151,36.854763,33.00000498517309,41
12.442718796636346,15.815549445873625,14.604454798616684,14.93917,17.69649587897414,41
14.637604129360074,17.953801519513394,17.167080396628226,17.269361,18.025782945770302,41
16.980715539074474,17.757859037455013,17.456563779961762,17.537655,18.74620720880129,41
16.444344173388856,18.755724087546206,17.994213368794096,18.07189,19.68463606047665,41
16.283272075148414,16.890405052511184,16.256150536277207,15.65424,13.690802827477054,42
17.595985876703324,16.296345954063217,17.04472611100099,16.777979,13.100198610843233,42
16.280153610260346,16.454459890287435,16.55460615310659,16.125652,15.420347892400615,42
16.915396705525787,17.322136243543262,16.822447268791766,16.962778,16.84963914913015,42
27.19644241353606,29.320402982844577,32.58293443789393,36.887047,25.749694654662182,42
13.723880610340798,14.472185396243729,14.515103946019078,13.93209,13.717937390840344,42
20.181351400914473,20.598510709688203,19.82576204310796,20.590097,18.99450479002358,43
29.53309862517051,31.349247398924295,30.05991104830492,30.481413,28.68005856709685,43
25.637026716324424,27.806163392774494,27.961318557910264,28.368923,29.163014750033852,43
20.01527503983637,21.55863683323199,20.375369637121498,20.903738,15.814116089041192,43
25.260663981882228,23.91804396281781,24.256378835355736,24.172169,18.228344383584396,44
20.531142551788406,18.186007742103186,18.81415417607202,17.352522,17.50133938654485,44
14.420934572527544,15.756072547104583,15.716186840076965,14.874313,11.316294659233522,45
21.04548144703178,20.987925694945954,20.721758625408604,22.173454,17.62528688553105,45
26.64444121351002,28.361481572910407,30.474385336210222,33.629196,25.715874102147836,45
14.468858283728334,15.598862099668711,15.559488095920642,14.5845,18.199286444879768,45
17.799301775954632,17.013900188275983,17.253596837318586,16.425873,15.206119570883496,45
18.647954753377128,17.219584665770622,17.661381424206798,17.478888,15.645277494874483,46
15.829888084644352,16.39577806706915,16.013273007068026,15.172038,14.117742012025067,46
15.659281348170115,15.89911086991095,16.013273007068026,15.395968,14.541674621537604,46
21.34096298581003,21.741139987362036,20.721758625408604,21.107521,16.742081627510775,47
18.16718391939628,17.662526361452393,17.80973227673222,18.142202,15.751286561823756,47
27.021200318292323,33.1709802471893,30.40137572789647,31.879604,30.85012303839872,48
23.50678260674731,23.656201733999637,22.25035633929714,22.4406,17.045303643599006,48
20.768712813751037,23.14308896872845,22.02912408697597,23.04724,21.263044082070994,48
29.48971262876509,32.28897393462199,30.40137572789647,32.33191,29.69658072639578,48
26.449204229685627,32.24269960259874,31.860385529027784,34.296116,29.986474018887378,49
29.44632663235967,33.38467851435914,30.40137572789647,32.38455,30.053710502192438,51
15.630608967296507,17.532445236092787,16.875987501460646,17.084993,19.967999131057123,51
18.275648910409828,17.80690794731565,17.80973227673222,18.063263,14.376077018988864,52
27.025967844936744,19.441121942073547,15.629791851190577,14.601693,19.688631051088286,52
27.09218690943198,27.833067487681397,28.094608999886063,28.885227,29.086677217106217,53
16.65115421859006,17.349373961538706,16.758471293058598,16.922482,15.962135899270065,53
23.811073630091077,21.813478357457388,22.836442581165112,23.890528,19.45817696019565,53
26.934428325481484,35.9230622797761,33.96893463071151,36.854763,33.00000498517309,54
26.49679971300052,29.134941797031214,27.908632664062967,28.154905,29.359832016015545,55
25.57953059372913,20.287226842088995,22.95845338278831,23.118793,11.773206330848062,56
28.54313761563007,31.389910965804248,30.40137572789647,32.00202,30.941505927439614,56
25.440091622877976,32.57975447155873,29.554554168800095,30.260996,31.759997540881102,57
25.32574297649036,24.54553579189732,24.464309311999212,24.796478,18.100201984995202,58
25.087119996260547,24.930084304782245,22.947295636756817,21.656626,19.311863578488843,60
